{"state_mean": [0.2720349431037903, 0.003555219154804945, 0.1149335503578186, 0.0004808432422578335, -0.09655395150184631, -0.4878399670124054], "state_std": [0.6729289889335632, 0.6878536939620972, 0.700904905796051, 0.703927218914032, 3.3784756660461426, 6.276689052581787], "action_mean": [-0.1700713187456131], "action_std": [1.3733466863632202]}