{"state_mean": [0.39481690526008606, -0.017277153208851814, 0.023071138188242912], "state_std": [0.6956084966659546, 0.6000621914863586, 2.6610918045043945], "action_mean": [0.09254500269889832], "action_std": [1.7951524257659912]}